Model,Accuracy,Macro_F1
Random Forest,0.778,0.7774993250572755
Gradient Boosting,0.746,0.7438789818860534
KNN,0.699,0.6964784290111116
SVM,0.689,0.6905566221927931
Decision Tree,0.512,0.5034653077443353
Logistic Regression,0.506,0.4900276584381199
